{"Frontal": {"mtx": [[1725.161683760928, 0.0, 522.7523735832962], [0.0, 1672.1595967183375, 644.3676635889534], [0.0, 0.0, 1.0]], "t": [[0.10382372596619938], [-0.14716949331692028], [0.15065698208779793]], "rot": [[1.238053751984631], [-1.184388094428733], [1.152964191803858]], "dist": [[-0.25838293225860837, -0.31165991613565697, -0.0684269214443039, -0.008870756872756359, 0.5424955031580441, 0.0, 0.0, 0.0, 0.0, 0.0, 0.0, 0.0, 0.20466927985480016, -0.022862402661908643]]}}